ID-0,NAME-0,FIRST_NAME-0,LAST_NAME-0,MIDDLE_NAME-0,NICK_NAME-0,PROFILE-0,PICTURE-0,WEBSITE-0,EMAIL-0,EMAIL_VERIFIED-0,GENDER-0,DATE_OF_BIRTH-0,ZONEINFO-0,LOCALE-0,PHONE_NUMBER-0,STREET_ADDRESS-0,CITY-0,REGION-0,COUNTRY-0,POSTAL_CODE-0,MARITAL_STATUS-0
ID-1,NAME-1,FIRST_NAME-1,LAST_NAME-1,MIDDLE_NAME-1,NICK_NAME-1,PROFILE-1,PICTURE-1,WEBSITE-1,EMAIL-1,EMAIL_VERIFIED-1,GENDER-1,DATE_OF_BIRTH-1,ZONEINFO-1,LOCALE-1,PHONE_NUMBER-1,STREET_ADDRESS-1,CITY-1,REGION-1,COUNTRY-1,POSTAL_CODE-1,MARITAL_STATUS-1
ID-2,NAME-2,FIRST_NAME-2,LAST_NAME-2,MIDDLE_NAME-2,NICK_NAME-2,PROFILE-2,PICTURE-2,WEBSITE-2,EMAIL-2,EMAIL_VERIFIED-2,GENDER-2,DATE_OF_BIRTH-2,ZONEINFO-2,LOCALE-2,PHONE_NUMBER-2,STREET_ADDRESS-2,CITY-2,REGION-2,COUNTRY-2,POSTAL_CODE-2,MARITAL_STATUS-2
ID-3,NAME-3,FIRST_NAME-3,LAST_NAME-3,MIDDLE_NAME-3,NICK_NAME-3,PROFILE-3,PICTURE-3,WEBSITE-3,EMAIL-3,EMAIL_VERIFIED-3,GENDER-3,DATE_OF_BIRTH-3,ZONEINFO-3,LOCALE-3,PHONE_NUMBER-3,STREET_ADDRESS-3,CITY-3,REGION-3,COUNTRY-3,POSTAL_CODE-3,MARITAL_STATUS-3
ID-4,NAME-4,FIRST_NAME-4,LAST_NAME-4,MIDDLE_NAME-4,NICK_NAME-4,PROFILE-4,PICTURE-4,WEBSITE-4,EMAIL-4,EMAIL_VERIFIED-4,GENDER-4,DATE_OF_BIRTH-4,ZONEINFO-4,LOCALE-4,PHONE_NUMBER-4,STREET_ADDRESS-4,CITY-4,REGION-4,COUNTRY-4,POSTAL_CODE-4,MARITAL_STATUS-4
ID-5,NAME-5,FIRST_NAME-5,LAST_NAME-5,MIDDLE_NAME-5,NICK_NAME-5,PROFILE-5,PICTURE-5,WEBSITE-5,EMAIL-5,EMAIL_VERIFIED-5,GENDER-5,DATE_OF_BIRTH-5,ZONEINFO-5,LOCALE-5,PHONE_NUMBER-5,STREET_ADDRESS-5,CITY-5,REGION-5,COUNTRY-5,POSTAL_CODE-5,MARITAL_STATUS-5
ID-6,NAME-6,FIRST_NAME-6,LAST_NAME-6,MIDDLE_NAME-6,NICK_NAME-6,PROFILE-6,PICTURE-6,WEBSITE-6,EMAIL-6,EMAIL_VERIFIED-6,GENDER-6,DATE_OF_BIRTH-6,ZONEINFO-6,LOCALE-6,PHONE_NUMBER-6,STREET_ADDRESS-6,CITY-6,REGION-6,COUNTRY-6,POSTAL_CODE-6,MARITAL_STATUS-6
ID-7,NAME-7,FIRST_NAME-7,LAST_NAME-7,MIDDLE_NAME-7,NICK_NAME-7,PROFILE-7,PICTURE-7,WEBSITE-7,EMAIL-7,EMAIL_VERIFIED-7,GENDER-7,DATE_OF_BIRTH-7,ZONEINFO-7,LOCALE-7,PHONE_NUMBER-7,STREET_ADDRESS-7,CITY-7,REGION-7,COUNTRY-7,POSTAL_CODE-7,MARITAL_STATUS-7
ID-8,NAME-8,FIRST_NAME-8,LAST_NAME-8,MIDDLE_NAME-8,NICK_NAME-8,PROFILE-8,PICTURE-8,WEBSITE-8,EMAIL-8,EMAIL_VERIFIED-8,GENDER-8,DATE_OF_BIRTH-8,ZONEINFO-8,LOCALE-8,PHONE_NUMBER-8,STREET_ADDRESS-8,CITY-8,REGION-8,COUNTRY-8,POSTAL_CODE-8,MARITAL_STATUS-8
ID-9,NAME-9,FIRST_NAME-9,LAST_NAME-9,MIDDLE_NAME-9,NICK_NAME-9,PROFILE-9,PICTURE-9,WEBSITE-9,EMAIL-9,EMAIL_VERIFIED-9,GENDER-9,DATE_OF_BIRTH-9,ZONEINFO-9,LOCALE-9,PHONE_NUMBER-9,STREET_ADDRESS-9,CITY-9,REGION-9,COUNTRY-9,POSTAL_CODE-9,MARITAL_STATUS-9
ID-10,NAME-10,FIRST_NAME-10,LAST_NAME-10,MIDDLE_NAME-10,NICK_NAME-10,PROFILE-10,PICTURE-10,WEBSITE-10,EMAIL-10,EMAIL_VERIFIED-10,GENDER-10,DATE_OF_BIRTH-10,ZONEINFO-10,LOCALE-10,PHONE_NUMBER-10,STREET_ADDRESS-10,CITY-10,REGION-10,COUNTRY-10,POSTAL_CODE-10,MARITAL_STATUS-10
ID-11,NAME-11,FIRST_NAME-11,LAST_NAME-11,MIDDLE_NAME-11,NICK_NAME-11,PROFILE-11,PICTURE-11,WEBSITE-11,EMAIL-11,EMAIL_VERIFIED-11,GENDER-11,DATE_OF_BIRTH-11,ZONEINFO-11,LOCALE-11,PHONE_NUMBER-11,STREET_ADDRESS-11,CITY-11,REGION-11,COUNTRY-11,POSTAL_CODE-11,MARITAL_STATUS-11
ID-12,NAME-12,FIRST_NAME-12,LAST_NAME-12,MIDDLE_NAME-12,NICK_NAME-12,PROFILE-12,PICTURE-12,WEBSITE-12,EMAIL-12,EMAIL_VERIFIED-12,GENDER-12,DATE_OF_BIRTH-12,ZONEINFO-12,LOCALE-12,PHONE_NUMBER-12,STREET_ADDRESS-12,CITY-12,REGION-12,COUNTRY-12,POSTAL_CODE-12,MARITAL_STATUS-12
ID-13,NAME-13,FIRST_NAME-13,LAST_NAME-13,MIDDLE_NAME-13,NICK_NAME-13,PROFILE-13,PICTURE-13,WEBSITE-13,EMAIL-13,EMAIL_VERIFIED-13,GENDER-13,DATE_OF_BIRTH-13,ZONEINFO-13,LOCALE-13,PHONE_NUMBER-13,STREET_ADDRESS-13,CITY-13,REGION-13,COUNTRY-13,POSTAL_CODE-13,MARITAL_STATUS-13
ID-14,NAME-14,FIRST_NAME-14,LAST_NAME-14,MIDDLE_NAME-14,NICK_NAME-14,PROFILE-14,PICTURE-14,WEBSITE-14,EMAIL-14,EMAIL_VERIFIED-14,GENDER-14,DATE_OF_BIRTH-14,ZONEINFO-14,LOCALE-14,PHONE_NUMBER-14,STREET_ADDRESS-14,CITY-14,REGION-14,COUNTRY-14,POSTAL_CODE-14,MARITAL_STATUS-14
ID-15,NAME-15,FIRST_NAME-15,LAST_NAME-15,MIDDLE_NAME-15,NICK_NAME-15,PROFILE-15,PICTURE-15,WEBSITE-15,EMAIL-15,EMAIL_VERIFIED-15,GENDER-15,DATE_OF_BIRTH-15,ZONEINFO-15,LOCALE-15,PHONE_NUMBER-15,STREET_ADDRESS-15,CITY-15,REGION-15,COUNTRY-15,POSTAL_CODE-15,MARITAL_STATUS-15
ID-16,NAME-16,FIRST_NAME-16,LAST_NAME-16,MIDDLE_NAME-16,NICK_NAME-16,PROFILE-16,PICTURE-16,WEBSITE-16,EMAIL-16,EMAIL_VERIFIED-16,GENDER-16,DATE_OF_BIRTH-16,ZONEINFO-16,LOCALE-16,PHONE_NUMBER-16,STREET_ADDRESS-16,CITY-16,REGION-16,COUNTRY-16,POSTAL_CODE-16,MARITAL_STATUS-16
ID-17,NAME-17,FIRST_NAME-17,LAST_NAME-17,MIDDLE_NAME-17,NICK_NAME-17,PROFILE-17,PICTURE-17,WEBSITE-17,EMAIL-17,EMAIL_VERIFIED-17,GENDER-17,DATE_OF_BIRTH-17,ZONEINFO-17,LOCALE-17,PHONE_NUMBER-17,STREET_ADDRESS-17,CITY-17,REGION-17,COUNTRY-17,POSTAL_CODE-17,MARITAL_STATUS-17
ID-18,NAME-18,FIRST_NAME-18,LAST_NAME-18,MIDDLE_NAME-18,NICK_NAME-18,PROFILE-18,PICTURE-18,WEBSITE-18,EMAIL-18,EMAIL_VERIFIED-18,GENDER-18,DATE_OF_BIRTH-18,ZONEINFO-18,LOCALE-18,PHONE_NUMBER-18,STREET_ADDRESS-18,CITY-18,REGION-18,COUNTRY-18,POSTAL_CODE-18,MARITAL_STATUS-18
ID-19,NAME-19,FIRST_NAME-19,LAST_NAME-19,MIDDLE_NAME-19,NICK_NAME-19,PROFILE-19,PICTURE-19,WEBSITE-19,EMAIL-19,EMAIL_VERIFIED-19,GENDER-19,DATE_OF_BIRTH-19,ZONEINFO-19,LOCALE-19,PHONE_NUMBER-19,STREET_ADDRESS-19,CITY-19,REGION-19,COUNTRY-19,POSTAL_CODE-19,MARITAL_STATUS-19
ID-20,NAME-20,FIRST_NAME-20,LAST_NAME-20,MIDDLE_NAME-20,NICK_NAME-20,PROFILE-20,PICTURE-20,WEBSITE-20,EMAIL-20,EMAIL_VERIFIED-20,GENDER-20,DATE_OF_BIRTH-20,ZONEINFO-20,LOCALE-20,PHONE_NUMBER-20,STREET_ADDRESS-20,CITY-20,REGION-20,COUNTRY-20,POSTAL_CODE-20,MARITAL_STATUS-20
ID-21,NAME-21,FIRST_NAME-21,LAST_NAME-21,MIDDLE_NAME-21,NICK_NAME-21,PROFILE-21,PICTURE-21,WEBSITE-21,EMAIL-21,EMAIL_VERIFIED-21,GENDER-21,DATE_OF_BIRTH-21,ZONEINFO-21,LOCALE-21,PHONE_NUMBER-21,STREET_ADDRESS-21,CITY-21,REGION-21,COUNTRY-21,POSTAL_CODE-21,MARITAL_STATUS-21
ID-22,NAME-22,FIRST_NAME-22,LAST_NAME-22,MIDDLE_NAME-22,NICK_NAME-22,PROFILE-22,PICTURE-22,WEBSITE-22,EMAIL-22,EMAIL_VERIFIED-22,GENDER-22,DATE_OF_BIRTH-22,ZONEINFO-22,LOCALE-22,PHONE_NUMBER-22,STREET_ADDRESS-22,CITY-22,REGION-22,COUNTRY-22,POSTAL_CODE-22,MARITAL_STATUS-22
ID-23,NAME-23,FIRST_NAME-23,LAST_NAME-23,MIDDLE_NAME-23,NICK_NAME-23,PROFILE-23,PICTURE-23,WEBSITE-23,EMAIL-23,EMAIL_VERIFIED-23,GENDER-23,DATE_OF_BIRTH-23,ZONEINFO-23,LOCALE-23,PHONE_NUMBER-23,STREET_ADDRESS-23,CITY-23,REGION-23,COUNTRY-23,POSTAL_CODE-23,MARITAL_STATUS-23
ID-24,NAME-24,FIRST_NAME-24,LAST_NAME-24,MIDDLE_NAME-24,NICK_NAME-24,PROFILE-24,PICTURE-24,WEBSITE-24,EMAIL-24,EMAIL_VERIFIED-24,GENDER-24,DATE_OF_BIRTH-24,ZONEINFO-24,LOCALE-24,PHONE_NUMBER-24,STREET_ADDRESS-24,CITY-24,REGION-24,COUNTRY-24,POSTAL_CODE-24,MARITAL_STATUS-24
ID-25,NAME-25,FIRST_NAME-25,LAST_NAME-25,MIDDLE_NAME-25,NICK_NAME-25,PROFILE-25,PICTURE-25,WEBSITE-25,EMAIL-25,EMAIL_VERIFIED-25,GENDER-25,DATE_OF_BIRTH-25,ZONEINFO-25,LOCALE-25,PHONE_NUMBER-25,STREET_ADDRESS-25,CITY-25,REGION-25,COUNTRY-25,POSTAL_CODE-25,MARITAL_STATUS-25
ID-26,NAME-26,FIRST_NAME-26,LAST_NAME-26,MIDDLE_NAME-26,NICK_NAME-26,PROFILE-26,PICTURE-26,WEBSITE-26,EMAIL-26,EMAIL_VERIFIED-26,GENDER-26,DATE_OF_BIRTH-26,ZONEINFO-26,LOCALE-26,PHONE_NUMBER-26,STREET_ADDRESS-26,CITY-26,REGION-26,COUNTRY-26,POSTAL_CODE-26,MARITAL_STATUS-26
ID-27,NAME-27,FIRST_NAME-27,LAST_NAME-27,MIDDLE_NAME-27,NICK_NAME-27,PROFILE-27,PICTURE-27,WEBSITE-27,EMAIL-27,EMAIL_VERIFIED-27,GENDER-27,DATE_OF_BIRTH-27,ZONEINFO-27,LOCALE-27,PHONE_NUMBER-27,STREET_ADDRESS-27,CITY-27,REGION-27,COUNTRY-27,POSTAL_CODE-27,MARITAL_STATUS-27
ID-28,NAME-28,FIRST_NAME-28,LAST_NAME-28,MIDDLE_NAME-28,NICK_NAME-28,PROFILE-28,PICTURE-28,WEBSITE-28,EMAIL-28,EMAIL_VERIFIED-28,GENDER-28,DATE_OF_BIRTH-28,ZONEINFO-28,LOCALE-28,PHONE_NUMBER-28,STREET_ADDRESS-28,CITY-28,REGION-28,COUNTRY-28,POSTAL_CODE-28,MARITAL_STATUS-28
ID-29,NAME-29,FIRST_NAME-29,LAST_NAME-29,MIDDLE_NAME-29,NICK_NAME-29,PROFILE-29,PICTURE-29,WEBSITE-29,EMAIL-29,EMAIL_VERIFIED-29,GENDER-29,DATE_OF_BIRTH-29,ZONEINFO-29,LOCALE-29,PHONE_NUMBER-29,STREET_ADDRESS-29,CITY-29,REGION-29,COUNTRY-29,POSTAL_CODE-29,MARITAL_STATUS-29
ID-30,NAME-30,FIRST_NAME-30,LAST_NAME-30,MIDDLE_NAME-30,NICK_NAME-30,PROFILE-30,PICTURE-30,WEBSITE-30,EMAIL-30,EMAIL_VERIFIED-30,GENDER-30,DATE_OF_BIRTH-30,ZONEINFO-30,LOCALE-30,PHONE_NUMBER-30,STREET_ADDRESS-30,CITY-30,REGION-30,COUNTRY-30,POSTAL_CODE-30,MARITAL_STATUS-30
ID-31,NAME-31,FIRST_NAME-31,LAST_NAME-31,MIDDLE_NAME-31,NICK_NAME-31,PROFILE-31,PICTURE-31,WEBSITE-31,EMAIL-31,EMAIL_VERIFIED-31,GENDER-31,DATE_OF_BIRTH-31,ZONEINFO-31,LOCALE-31,PHONE_NUMBER-31,STREET_ADDRESS-31,CITY-31,REGION-31,COUNTRY-31,POSTAL_CODE-31,MARITAL_STATUS-31
ID-32,NAME-32,FIRST_NAME-32,LAST_NAME-32,MIDDLE_NAME-32,NICK_NAME-32,PROFILE-32,PICTURE-32,WEBSITE-32,EMAIL-32,EMAIL_VERIFIED-32,GENDER-32,DATE_OF_BIRTH-32,ZONEINFO-32,LOCALE-32,PHONE_NUMBER-32,STREET_ADDRESS-32,CITY-32,REGION-32,COUNTRY-32,POSTAL_CODE-32,MARITAL_STATUS-32
ID-33,NAME-33,FIRST_NAME-33,LAST_NAME-33,MIDDLE_NAME-33,NICK_NAME-33,PROFILE-33,PICTURE-33,WEBSITE-33,EMAIL-33,EMAIL_VERIFIED-33,GENDER-33,DATE_OF_BIRTH-33,ZONEINFO-33,LOCALE-33,PHONE_NUMBER-33,STREET_ADDRESS-33,CITY-33,REGION-33,COUNTRY-33,POSTAL_CODE-33,MARITAL_STATUS-33
ID-34,NAME-34,FIRST_NAME-34,LAST_NAME-34,MIDDLE_NAME-34,NICK_NAME-34,PROFILE-34,PICTURE-34,WEBSITE-34,EMAIL-34,EMAIL_VERIFIED-34,GENDER-34,DATE_OF_BIRTH-34,ZONEINFO-34,LOCALE-34,PHONE_NUMBER-34,STREET_ADDRESS-34,CITY-34,REGION-34,COUNTRY-34,POSTAL_CODE-34,MARITAL_STATUS-34
ID-35,NAME-35,FIRST_NAME-35,LAST_NAME-35,MIDDLE_NAME-35,NICK_NAME-35,PROFILE-35,PICTURE-35,WEBSITE-35,EMAIL-35,EMAIL_VERIFIED-35,GENDER-35,DATE_OF_BIRTH-35,ZONEINFO-35,LOCALE-35,PHONE_NUMBER-35,STREET_ADDRESS-35,CITY-35,REGION-35,COUNTRY-35,POSTAL_CODE-35,MARITAL_STATUS-35
ID-36,NAME-36,FIRST_NAME-36,LAST_NAME-36,MIDDLE_NAME-36,NICK_NAME-36,PROFILE-36,PICTURE-36,WEBSITE-36,EMAIL-36,EMAIL_VERIFIED-36,GENDER-36,DATE_OF_BIRTH-36,ZONEINFO-36,LOCALE-36,PHONE_NUMBER-36,STREET_ADDRESS-36,CITY-36,REGION-36,COUNTRY-36,POSTAL_CODE-36,MARITAL_STATUS-36
ID-37,NAME-37,FIRST_NAME-37,LAST_NAME-37,MIDDLE_NAME-37,NICK_NAME-37,PROFILE-37,PICTURE-37,WEBSITE-37,EMAIL-37,EMAIL_VERIFIED-37,GENDER-37,DATE_OF_BIRTH-37,ZONEINFO-37,LOCALE-37,PHONE_NUMBER-37,STREET_ADDRESS-37,CITY-37,REGION-37,COUNTRY-37,POSTAL_CODE-37,MARITAL_STATUS-37
ID-38,NAME-38,FIRST_NAME-38,LAST_NAME-38,MIDDLE_NAME-38,NICK_NAME-38,PROFILE-38,PICTURE-38,WEBSITE-38,EMAIL-38,EMAIL_VERIFIED-38,GENDER-38,DATE_OF_BIRTH-38,ZONEINFO-38,LOCALE-38,PHONE_NUMBER-38,STREET_ADDRESS-38,CITY-38,REGION-38,COUNTRY-38,POSTAL_CODE-38,MARITAL_STATUS-38
ID-39,NAME-39,FIRST_NAME-39,LAST_NAME-39,MIDDLE_NAME-39,NICK_NAME-39,PROFILE-39,PICTURE-39,WEBSITE-39,EMAIL-39,EMAIL_VERIFIED-39,GENDER-39,DATE_OF_BIRTH-39,ZONEINFO-39,LOCALE-39,PHONE_NUMBER-39,STREET_ADDRESS-39,CITY-39,REGION-39,COUNTRY-39,POSTAL_CODE-39,MARITAL_STATUS-39
ID-40,NAME-40,FIRST_NAME-40,LAST_NAME-40,MIDDLE_NAME-40,NICK_NAME-40,PROFILE-40,PICTURE-40,WEBSITE-40,EMAIL-40,EMAIL_VERIFIED-40,GENDER-40,DATE_OF_BIRTH-40,ZONEINFO-40,LOCALE-40,PHONE_NUMBER-40,STREET_ADDRESS-40,CITY-40,REGION-40,COUNTRY-40,POSTAL_CODE-40,MARITAL_STATUS-40
ID-41,NAME-41,FIRST_NAME-41,LAST_NAME-41,MIDDLE_NAME-41,NICK_NAME-41,PROFILE-41,PICTURE-41,WEBSITE-41,EMAIL-41,EMAIL_VERIFIED-41,GENDER-41,DATE_OF_BIRTH-41,ZONEINFO-41,LOCALE-41,PHONE_NUMBER-41,STREET_ADDRESS-41,CITY-41,REGION-41,COUNTRY-41,POSTAL_CODE-41,MARITAL_STATUS-41
ID-42,NAME-42,FIRST_NAME-42,LAST_NAME-42,MIDDLE_NAME-42,NICK_NAME-42,PROFILE-42,PICTURE-42,WEBSITE-42,EMAIL-42,EMAIL_VERIFIED-42,GENDER-42,DATE_OF_BIRTH-42,ZONEINFO-42,LOCALE-42,PHONE_NUMBER-42,STREET_ADDRESS-42,CITY-42,REGION-42,COUNTRY-42,POSTAL_CODE-42,MARITAL_STATUS-42
ID-43,NAME-43,FIRST_NAME-43,LAST_NAME-43,MIDDLE_NAME-43,NICK_NAME-43,PROFILE-43,PICTURE-43,WEBSITE-43,EMAIL-43,EMAIL_VERIFIED-43,GENDER-43,DATE_OF_BIRTH-43,ZONEINFO-43,LOCALE-43,PHONE_NUMBER-43,STREET_ADDRESS-43,CITY-43,REGION-43,COUNTRY-43,POSTAL_CODE-43,MARITAL_STATUS-43
ID-44,NAME-44,FIRST_NAME-44,LAST_NAME-44,MIDDLE_NAME-44,NICK_NAME-44,PROFILE-44,PICTURE-44,WEBSITE-44,EMAIL-44,EMAIL_VERIFIED-44,GENDER-44,DATE_OF_BIRTH-44,ZONEINFO-44,LOCALE-44,PHONE_NUMBER-44,STREET_ADDRESS-44,CITY-44,REGION-44,COUNTRY-44,POSTAL_CODE-44,MARITAL_STATUS-44
ID-45,NAME-45,FIRST_NAME-45,LAST_NAME-45,MIDDLE_NAME-45,NICK_NAME-45,PROFILE-45,PICTURE-45,WEBSITE-45,EMAIL-45,EMAIL_VERIFIED-45,GENDER-45,DATE_OF_BIRTH-45,ZONEINFO-45,LOCALE-45,PHONE_NUMBER-45,STREET_ADDRESS-45,CITY-45,REGION-45,COUNTRY-45,POSTAL_CODE-45,MARITAL_STATUS-45
ID-46,NAME-46,FIRST_NAME-46,LAST_NAME-46,MIDDLE_NAME-46,NICK_NAME-46,PROFILE-46,PICTURE-46,WEBSITE-46,EMAIL-46,EMAIL_VERIFIED-46,GENDER-46,DATE_OF_BIRTH-46,ZONEINFO-46,LOCALE-46,PHONE_NUMBER-46,STREET_ADDRESS-46,CITY-46,REGION-46,COUNTRY-46,POSTAL_CODE-46,MARITAL_STATUS-46
ID-47,NAME-47,FIRST_NAME-47,LAST_NAME-47,MIDDLE_NAME-47,NICK_NAME-47,PROFILE-47,PICTURE-47,WEBSITE-47,EMAIL-47,EMAIL_VERIFIED-47,GENDER-47,DATE_OF_BIRTH-47,ZONEINFO-47,LOCALE-47,PHONE_NUMBER-47,STREET_ADDRESS-47,CITY-47,REGION-47,COUNTRY-47,POSTAL_CODE-47,MARITAL_STATUS-47
ID-48,NAME-48,FIRST_NAME-48,LAST_NAME-48,MIDDLE_NAME-48,NICK_NAME-48,PROFILE-48,PICTURE-48,WEBSITE-48,EMAIL-48,EMAIL_VERIFIED-48,GENDER-48,DATE_OF_BIRTH-48,ZONEINFO-48,LOCALE-48,PHONE_NUMBER-48,STREET_ADDRESS-48,CITY-48,REGION-48,COUNTRY-48,POSTAL_CODE-48,MARITAL_STATUS-48
ID-49,NAME-49,FIRST_NAME-49,LAST_NAME-49,MIDDLE_NAME-49,NICK_NAME-49,PROFILE-49,PICTURE-49,WEBSITE-49,EMAIL-49,EMAIL_VERIFIED-49,GENDER-49,DATE_OF_BIRTH-49,ZONEINFO-49,LOCALE-49,PHONE_NUMBER-49,STREET_ADDRESS-49,CITY-49,REGION-49,COUNTRY-49,POSTAL_CODE-49,MARITAL_STATUS-49
ID-50,NAME-50,FIRST_NAME-50,LAST_NAME-50,MIDDLE_NAME-50,NICK_NAME-50,PROFILE-50,PICTURE-50,WEBSITE-50,EMAIL-50,EMAIL_VERIFIED-50,GENDER-50,DATE_OF_BIRTH-50,ZONEINFO-50,LOCALE-50,PHONE_NUMBER-50,STREET_ADDRESS-50,CITY-50,REGION-50,COUNTRY-50,POSTAL_CODE-50,MARITAL_STATUS-50
ID-51,NAME-51,FIRST_NAME-51,LAST_NAME-51,MIDDLE_NAME-51,NICK_NAME-51,PROFILE-51,PICTURE-51,WEBSITE-51,EMAIL-51,EMAIL_VERIFIED-51,GENDER-51,DATE_OF_BIRTH-51,ZONEINFO-51,LOCALE-51,PHONE_NUMBER-51,STREET_ADDRESS-51,CITY-51,REGION-51,COUNTRY-51,POSTAL_CODE-51,MARITAL_STATUS-51
ID-52,NAME-52,FIRST_NAME-52,LAST_NAME-52,MIDDLE_NAME-52,NICK_NAME-52,PROFILE-52,PICTURE-52,WEBSITE-52,EMAIL-52,EMAIL_VERIFIED-52,GENDER-52,DATE_OF_BIRTH-52,ZONEINFO-52,LOCALE-52,PHONE_NUMBER-52,STREET_ADDRESS-52,CITY-52,REGION-52,COUNTRY-52,POSTAL_CODE-52,MARITAL_STATUS-52
ID-53,NAME-53,FIRST_NAME-53,LAST_NAME-53,MIDDLE_NAME-53,NICK_NAME-53,PROFILE-53,PICTURE-53,WEBSITE-53,EMAIL-53,EMAIL_VERIFIED-53,GENDER-53,DATE_OF_BIRTH-53,ZONEINFO-53,LOCALE-53,PHONE_NUMBER-53,STREET_ADDRESS-53,CITY-53,REGION-53,COUNTRY-53,POSTAL_CODE-53,MARITAL_STATUS-53
ID-54,NAME-54,FIRST_NAME-54,LAST_NAME-54,MIDDLE_NAME-54,NICK_NAME-54,PROFILE-54,PICTURE-54,WEBSITE-54,EMAIL-54,EMAIL_VERIFIED-54,GENDER-54,DATE_OF_BIRTH-54,ZONEINFO-54,LOCALE-54,PHONE_NUMBER-54,STREET_ADDRESS-54,CITY-54,REGION-54,COUNTRY-54,POSTAL_CODE-54,MARITAL_STATUS-54
ID-55,NAME-55,FIRST_NAME-55,LAST_NAME-55,MIDDLE_NAME-55,NICK_NAME-55,PROFILE-55,PICTURE-55,WEBSITE-55,EMAIL-55,EMAIL_VERIFIED-55,GENDER-55,DATE_OF_BIRTH-55,ZONEINFO-55,LOCALE-55,PHONE_NUMBER-55,STREET_ADDRESS-55,CITY-55,REGION-55,COUNTRY-55,POSTAL_CODE-55,MARITAL_STATUS-55
ID-56,NAME-56,FIRST_NAME-56,LAST_NAME-56,MIDDLE_NAME-56,NICK_NAME-56,PROFILE-56,PICTURE-56,WEBSITE-56,EMAIL-56,EMAIL_VERIFIED-56,GENDER-56,DATE_OF_BIRTH-56,ZONEINFO-56,LOCALE-56,PHONE_NUMBER-56,STREET_ADDRESS-56,CITY-56,REGION-56,COUNTRY-56,POSTAL_CODE-56,MARITAL_STATUS-56
ID-57,NAME-57,FIRST_NAME-57,LAST_NAME-57,MIDDLE_NAME-57,NICK_NAME-57,PROFILE-57,PICTURE-57,WEBSITE-57,EMAIL-57,EMAIL_VERIFIED-57,GENDER-57,DATE_OF_BIRTH-57,ZONEINFO-57,LOCALE-57,PHONE_NUMBER-57,STREET_ADDRESS-57,CITY-57,REGION-57,COUNTRY-57,POSTAL_CODE-57,MARITAL_STATUS-57
ID-58,NAME-58,FIRST_NAME-58,LAST_NAME-58,MIDDLE_NAME-58,NICK_NAME-58,PROFILE-58,PICTURE-58,WEBSITE-58,EMAIL-58,EMAIL_VERIFIED-58,GENDER-58,DATE_OF_BIRTH-58,ZONEINFO-58,LOCALE-58,PHONE_NUMBER-58,STREET_ADDRESS-58,CITY-58,REGION-58,COUNTRY-58,POSTAL_CODE-58,MARITAL_STATUS-58
ID-59,NAME-59,FIRST_NAME-59,LAST_NAME-59,MIDDLE_NAME-59,NICK_NAME-59,PROFILE-59,PICTURE-59,WEBSITE-59,EMAIL-59,EMAIL_VERIFIED-59,GENDER-59,DATE_OF_BIRTH-59,ZONEINFO-59,LOCALE-59,PHONE_NUMBER-59,STREET_ADDRESS-59,CITY-59,REGION-59,COUNTRY-59,POSTAL_CODE-59,MARITAL_STATUS-59
ID-60,NAME-60,FIRST_NAME-60,LAST_NAME-60,MIDDLE_NAME-60,NICK_NAME-60,PROFILE-60,PICTURE-60,WEBSITE-60,EMAIL-60,EMAIL_VERIFIED-60,GENDER-60,DATE_OF_BIRTH-60,ZONEINFO-60,LOCALE-60,PHONE_NUMBER-60,STREET_ADDRESS-60,CITY-60,REGION-60,COUNTRY-60,POSTAL_CODE-60,MARITAL_STATUS-60
ID-61,NAME-61,FIRST_NAME-61,LAST_NAME-61,MIDDLE_NAME-61,NICK_NAME-61,PROFILE-61,PICTURE-61,WEBSITE-61,EMAIL-61,EMAIL_VERIFIED-61,GENDER-61,DATE_OF_BIRTH-61,ZONEINFO-61,LOCALE-61,PHONE_NUMBER-61,STREET_ADDRESS-61,CITY-61,REGION-61,COUNTRY-61,POSTAL_CODE-61,MARITAL_STATUS-61
ID-62,NAME-62,FIRST_NAME-62,LAST_NAME-62,MIDDLE_NAME-62,NICK_NAME-62,PROFILE-62,PICTURE-62,WEBSITE-62,EMAIL-62,EMAIL_VERIFIED-62,GENDER-62,DATE_OF_BIRTH-62,ZONEINFO-62,LOCALE-62,PHONE_NUMBER-62,STREET_ADDRESS-62,CITY-62,REGION-62,COUNTRY-62,POSTAL_CODE-62,MARITAL_STATUS-62
ID-63,NAME-63,FIRST_NAME-63,LAST_NAME-63,MIDDLE_NAME-63,NICK_NAME-63,PROFILE-63,PICTURE-63,WEBSITE-63,EMAIL-63,EMAIL_VERIFIED-63,GENDER-63,DATE_OF_BIRTH-63,ZONEINFO-63,LOCALE-63,PHONE_NUMBER-63,STREET_ADDRESS-63,CITY-63,REGION-63,COUNTRY-63,POSTAL_CODE-63,MARITAL_STATUS-63
ID-64,NAME-64,FIRST_NAME-64,LAST_NAME-64,MIDDLE_NAME-64,NICK_NAME-64,PROFILE-64,PICTURE-64,WEBSITE-64,EMAIL-64,EMAIL_VERIFIED-64,GENDER-64,DATE_OF_BIRTH-64,ZONEINFO-64,LOCALE-64,PHONE_NUMBER-64,STREET_ADDRESS-64,CITY-64,REGION-64,COUNTRY-64,POSTAL_CODE-64,MARITAL_STATUS-64
ID-65,NAME-65,FIRST_NAME-65,LAST_NAME-65,MIDDLE_NAME-65,NICK_NAME-65,PROFILE-65,PICTURE-65,WEBSITE-65,EMAIL-65,EMAIL_VERIFIED-65,GENDER-65,DATE_OF_BIRTH-65,ZONEINFO-65,LOCALE-65,PHONE_NUMBER-65,STREET_ADDRESS-65,CITY-65,REGION-65,COUNTRY-65,POSTAL_CODE-65,MARITAL_STATUS-65
ID-66,NAME-66,FIRST_NAME-66,LAST_NAME-66,MIDDLE_NAME-66,NICK_NAME-66,PROFILE-66,PICTURE-66,WEBSITE-66,EMAIL-66,EMAIL_VERIFIED-66,GENDER-66,DATE_OF_BIRTH-66,ZONEINFO-66,LOCALE-66,PHONE_NUMBER-66,STREET_ADDRESS-66,CITY-66,REGION-66,COUNTRY-66,POSTAL_CODE-66,MARITAL_STATUS-66
ID-67,NAME-67,FIRST_NAME-67,LAST_NAME-67,MIDDLE_NAME-67,NICK_NAME-67,PROFILE-67,PICTURE-67,WEBSITE-67,EMAIL-67,EMAIL_VERIFIED-67,GENDER-67,DATE_OF_BIRTH-67,ZONEINFO-67,LOCALE-67,PHONE_NUMBER-67,STREET_ADDRESS-67,CITY-67,REGION-67,COUNTRY-67,POSTAL_CODE-67,MARITAL_STATUS-67
ID-68,NAME-68,FIRST_NAME-68,LAST_NAME-68,MIDDLE_NAME-68,NICK_NAME-68,PROFILE-68,PICTURE-68,WEBSITE-68,EMAIL-68,EMAIL_VERIFIED-68,GENDER-68,DATE_OF_BIRTH-68,ZONEINFO-68,LOCALE-68,PHONE_NUMBER-68,STREET_ADDRESS-68,CITY-68,REGION-68,COUNTRY-68,POSTAL_CODE-68,MARITAL_STATUS-68
ID-69,NAME-69,FIRST_NAME-69,LAST_NAME-69,MIDDLE_NAME-69,NICK_NAME-69,PROFILE-69,PICTURE-69,WEBSITE-69,EMAIL-69,EMAIL_VERIFIED-69,GENDER-69,DATE_OF_BIRTH-69,ZONEINFO-69,LOCALE-69,PHONE_NUMBER-69,STREET_ADDRESS-69,CITY-69,REGION-69,COUNTRY-69,POSTAL_CODE-69,MARITAL_STATUS-69
ID-70,NAME-70,FIRST_NAME-70,LAST_NAME-70,MIDDLE_NAME-70,NICK_NAME-70,PROFILE-70,PICTURE-70,WEBSITE-70,EMAIL-70,EMAIL_VERIFIED-70,GENDER-70,DATE_OF_BIRTH-70,ZONEINFO-70,LOCALE-70,PHONE_NUMBER-70,STREET_ADDRESS-70,CITY-70,REGION-70,COUNTRY-70,POSTAL_CODE-70,MARITAL_STATUS-70
ID-71,NAME-71,FIRST_NAME-71,LAST_NAME-71,MIDDLE_NAME-71,NICK_NAME-71,PROFILE-71,PICTURE-71,WEBSITE-71,EMAIL-71,EMAIL_VERIFIED-71,GENDER-71,DATE_OF_BIRTH-71,ZONEINFO-71,LOCALE-71,PHONE_NUMBER-71,STREET_ADDRESS-71,CITY-71,REGION-71,COUNTRY-71,POSTAL_CODE-71,MARITAL_STATUS-71
ID-72,NAME-72,FIRST_NAME-72,LAST_NAME-72,MIDDLE_NAME-72,NICK_NAME-72,PROFILE-72,PICTURE-72,WEBSITE-72,EMAIL-72,EMAIL_VERIFIED-72,GENDER-72,DATE_OF_BIRTH-72,ZONEINFO-72,LOCALE-72,PHONE_NUMBER-72,STREET_ADDRESS-72,CITY-72,REGION-72,COUNTRY-72,POSTAL_CODE-72,MARITAL_STATUS-72
ID-73,NAME-73,FIRST_NAME-73,LAST_NAME-73,MIDDLE_NAME-73,NICK_NAME-73,PROFILE-73,PICTURE-73,WEBSITE-73,EMAIL-73,EMAIL_VERIFIED-73,GENDER-73,DATE_OF_BIRTH-73,ZONEINFO-73,LOCALE-73,PHONE_NUMBER-73,STREET_ADDRESS-73,CITY-73,REGION-73,COUNTRY-73,POSTAL_CODE-73,MARITAL_STATUS-73
ID-74,NAME-74,FIRST_NAME-74,LAST_NAME-74,MIDDLE_NAME-74,NICK_NAME-74,PROFILE-74,PICTURE-74,WEBSITE-74,EMAIL-74,EMAIL_VERIFIED-74,GENDER-74,DATE_OF_BIRTH-74,ZONEINFO-74,LOCALE-74,PHONE_NUMBER-74,STREET_ADDRESS-74,CITY-74,REGION-74,COUNTRY-74,POSTAL_CODE-74,MARITAL_STATUS-74
ID-75,NAME-75,FIRST_NAME-75,LAST_NAME-75,MIDDLE_NAME-75,NICK_NAME-75,PROFILE-75,PICTURE-75,WEBSITE-75,EMAIL-75,EMAIL_VERIFIED-75,GENDER-75,DATE_OF_BIRTH-75,ZONEINFO-75,LOCALE-75,PHONE_NUMBER-75,STREET_ADDRESS-75,CITY-75,REGION-75,COUNTRY-75,POSTAL_CODE-75,MARITAL_STATUS-75
ID-76,NAME-76,FIRST_NAME-76,LAST_NAME-76,MIDDLE_NAME-76,NICK_NAME-76,PROFILE-76,PICTURE-76,WEBSITE-76,EMAIL-76,EMAIL_VERIFIED-76,GENDER-76,DATE_OF_BIRTH-76,ZONEINFO-76,LOCALE-76,PHONE_NUMBER-76,STREET_ADDRESS-76,CITY-76,REGION-76,COUNTRY-76,POSTAL_CODE-76,MARITAL_STATUS-76
ID-77,NAME-77,FIRST_NAME-77,LAST_NAME-77,MIDDLE_NAME-77,NICK_NAME-77,PROFILE-77,PICTURE-77,WEBSITE-77,EMAIL-77,EMAIL_VERIFIED-77,GENDER-77,DATE_OF_BIRTH-77,ZONEINFO-77,LOCALE-77,PHONE_NUMBER-77,STREET_ADDRESS-77,CITY-77,REGION-77,COUNTRY-77,POSTAL_CODE-77,MARITAL_STATUS-77
ID-78,NAME-78,FIRST_NAME-78,LAST_NAME-78,MIDDLE_NAME-78,NICK_NAME-78,PROFILE-78,PICTURE-78,WEBSITE-78,EMAIL-78,EMAIL_VERIFIED-78,GENDER-78,DATE_OF_BIRTH-78,ZONEINFO-78,LOCALE-78,PHONE_NUMBER-78,STREET_ADDRESS-78,CITY-78,REGION-78,COUNTRY-78,POSTAL_CODE-78,MARITAL_STATUS-78
ID-79,NAME-79,FIRST_NAME-79,LAST_NAME-79,MIDDLE_NAME-79,NICK_NAME-79,PROFILE-79,PICTURE-79,WEBSITE-79,EMAIL-79,EMAIL_VERIFIED-79,GENDER-79,DATE_OF_BIRTH-79,ZONEINFO-79,LOCALE-79,PHONE_NUMBER-79,STREET_ADDRESS-79,CITY-79,REGION-79,COUNTRY-79,POSTAL_CODE-79,MARITAL_STATUS-79
ID-80,NAME-80,FIRST_NAME-80,LAST_NAME-80,MIDDLE_NAME-80,NICK_NAME-80,PROFILE-80,PICTURE-80,WEBSITE-80,EMAIL-80,EMAIL_VERIFIED-80,GENDER-80,DATE_OF_BIRTH-80,ZONEINFO-80,LOCALE-80,PHONE_NUMBER-80,STREET_ADDRESS-80,CITY-80,REGION-80,COUNTRY-80,POSTAL_CODE-80,MARITAL_STATUS-80
ID-81,NAME-81,FIRST_NAME-81,LAST_NAME-81,MIDDLE_NAME-81,NICK_NAME-81,PROFILE-81,PICTURE-81,WEBSITE-81,EMAIL-81,EMAIL_VERIFIED-81,GENDER-81,DATE_OF_BIRTH-81,ZONEINFO-81,LOCALE-81,PHONE_NUMBER-81,STREET_ADDRESS-81,CITY-81,REGION-81,COUNTRY-81,POSTAL_CODE-81,MARITAL_STATUS-81
ID-82,NAME-82,FIRST_NAME-82,LAST_NAME-82,MIDDLE_NAME-82,NICK_NAME-82,PROFILE-82,PICTURE-82,WEBSITE-82,EMAIL-82,EMAIL_VERIFIED-82,GENDER-82,DATE_OF_BIRTH-82,ZONEINFO-82,LOCALE-82,PHONE_NUMBER-82,STREET_ADDRESS-82,CITY-82,REGION-82,COUNTRY-82,POSTAL_CODE-82,MARITAL_STATUS-82
ID-83,NAME-83,FIRST_NAME-83,LAST_NAME-83,MIDDLE_NAME-83,NICK_NAME-83,PROFILE-83,PICTURE-83,WEBSITE-83,EMAIL-83,EMAIL_VERIFIED-83,GENDER-83,DATE_OF_BIRTH-83,ZONEINFO-83,LOCALE-83,PHONE_NUMBER-83,STREET_ADDRESS-83,CITY-83,REGION-83,COUNTRY-83,POSTAL_CODE-83,MARITAL_STATUS-83
ID-84,NAME-84,FIRST_NAME-84,LAST_NAME-84,MIDDLE_NAME-84,NICK_NAME-84,PROFILE-84,PICTURE-84,WEBSITE-84,EMAIL-84,EMAIL_VERIFIED-84,GENDER-84,DATE_OF_BIRTH-84,ZONEINFO-84,LOCALE-84,PHONE_NUMBER-84,STREET_ADDRESS-84,CITY-84,REGION-84,COUNTRY-84,POSTAL_CODE-84,MARITAL_STATUS-84
ID-85,NAME-85,FIRST_NAME-85,LAST_NAME-85,MIDDLE_NAME-85,NICK_NAME-85,PROFILE-85,PICTURE-85,WEBSITE-85,EMAIL-85,EMAIL_VERIFIED-85,GENDER-85,DATE_OF_BIRTH-85,ZONEINFO-85,LOCALE-85,PHONE_NUMBER-85,STREET_ADDRESS-85,CITY-85,REGION-85,COUNTRY-85,POSTAL_CODE-85,MARITAL_STATUS-85
ID-86,NAME-86,FIRST_NAME-86,LAST_NAME-86,MIDDLE_NAME-86,NICK_NAME-86,PROFILE-86,PICTURE-86,WEBSITE-86,EMAIL-86,EMAIL_VERIFIED-86,GENDER-86,DATE_OF_BIRTH-86,ZONEINFO-86,LOCALE-86,PHONE_NUMBER-86,STREET_ADDRESS-86,CITY-86,REGION-86,COUNTRY-86,POSTAL_CODE-86,MARITAL_STATUS-86
ID-87,NAME-87,FIRST_NAME-87,LAST_NAME-87,MIDDLE_NAME-87,NICK_NAME-87,PROFILE-87,PICTURE-87,WEBSITE-87,EMAIL-87,EMAIL_VERIFIED-87,GENDER-87,DATE_OF_BIRTH-87,ZONEINFO-87,LOCALE-87,PHONE_NUMBER-87,STREET_ADDRESS-87,CITY-87,REGION-87,COUNTRY-87,POSTAL_CODE-87,MARITAL_STATUS-87
ID-88,NAME-88,FIRST_NAME-88,LAST_NAME-88,MIDDLE_NAME-88,NICK_NAME-88,PROFILE-88,PICTURE-88,WEBSITE-88,EMAIL-88,EMAIL_VERIFIED-88,GENDER-88,DATE_OF_BIRTH-88,ZONEINFO-88,LOCALE-88,PHONE_NUMBER-88,STREET_ADDRESS-88,CITY-88,REGION-88,COUNTRY-88,POSTAL_CODE-88,MARITAL_STATUS-88
ID-89,NAME-89,FIRST_NAME-89,LAST_NAME-89,MIDDLE_NAME-89,NICK_NAME-89,PROFILE-89,PICTURE-89,WEBSITE-89,EMAIL-89,EMAIL_VERIFIED-89,GENDER-89,DATE_OF_BIRTH-89,ZONEINFO-89,LOCALE-89,PHONE_NUMBER-89,STREET_ADDRESS-89,CITY-89,REGION-89,COUNTRY-89,POSTAL_CODE-89,MARITAL_STATUS-89
ID-90,NAME-90,FIRST_NAME-90,LAST_NAME-90,MIDDLE_NAME-90,NICK_NAME-90,PROFILE-90,PICTURE-90,WEBSITE-90,EMAIL-90,EMAIL_VERIFIED-90,GENDER-90,DATE_OF_BIRTH-90,ZONEINFO-90,LOCALE-90,PHONE_NUMBER-90,STREET_ADDRESS-90,CITY-90,REGION-90,COUNTRY-90,POSTAL_CODE-90,MARITAL_STATUS-90
ID-91,NAME-91,FIRST_NAME-91,LAST_NAME-91,MIDDLE_NAME-91,NICK_NAME-91,PROFILE-91,PICTURE-91,WEBSITE-91,EMAIL-91,EMAIL_VERIFIED-91,GENDER-91,DATE_OF_BIRTH-91,ZONEINFO-91,LOCALE-91,PHONE_NUMBER-91,STREET_ADDRESS-91,CITY-91,REGION-91,COUNTRY-91,POSTAL_CODE-91,MARITAL_STATUS-91
ID-92,NAME-92,FIRST_NAME-92,LAST_NAME-92,MIDDLE_NAME-92,NICK_NAME-92,PROFILE-92,PICTURE-92,WEBSITE-92,EMAIL-92,EMAIL_VERIFIED-92,GENDER-92,DATE_OF_BIRTH-92,ZONEINFO-92,LOCALE-92,PHONE_NUMBER-92,STREET_ADDRESS-92,CITY-92,REGION-92,COUNTRY-92,POSTAL_CODE-92,MARITAL_STATUS-92
ID-93,NAME-93,FIRST_NAME-93,LAST_NAME-93,MIDDLE_NAME-93,NICK_NAME-93,PROFILE-93,PICTURE-93,WEBSITE-93,EMAIL-93,EMAIL_VERIFIED-93,GENDER-93,DATE_OF_BIRTH-93,ZONEINFO-93,LOCALE-93,PHONE_NUMBER-93,STREET_ADDRESS-93,CITY-93,REGION-93,COUNTRY-93,POSTAL_CODE-93,MARITAL_STATUS-93
ID-94,NAME-94,FIRST_NAME-94,LAST_NAME-94,MIDDLE_NAME-94,NICK_NAME-94,PROFILE-94,PICTURE-94,WEBSITE-94,EMAIL-94,EMAIL_VERIFIED-94,GENDER-94,DATE_OF_BIRTH-94,ZONEINFO-94,LOCALE-94,PHONE_NUMBER-94,STREET_ADDRESS-94,CITY-94,REGION-94,COUNTRY-94,POSTAL_CODE-94,MARITAL_STATUS-94
ID-95,NAME-95,FIRST_NAME-95,LAST_NAME-95,MIDDLE_NAME-95,NICK_NAME-95,PROFILE-95,PICTURE-95,WEBSITE-95,EMAIL-95,EMAIL_VERIFIED-95,GENDER-95,DATE_OF_BIRTH-95,ZONEINFO-95,LOCALE-95,PHONE_NUMBER-95,STREET_ADDRESS-95,CITY-95,REGION-95,COUNTRY-95,POSTAL_CODE-95,MARITAL_STATUS-95
ID-96,NAME-96,FIRST_NAME-96,LAST_NAME-96,MIDDLE_NAME-96,NICK_NAME-96,PROFILE-96,PICTURE-96,WEBSITE-96,EMAIL-96,EMAIL_VERIFIED-96,GENDER-96,DATE_OF_BIRTH-96,ZONEINFO-96,LOCALE-96,PHONE_NUMBER-96,STREET_ADDRESS-96,CITY-96,REGION-96,COUNTRY-96,POSTAL_CODE-96,MARITAL_STATUS-96
ID-97,NAME-97,FIRST_NAME-97,LAST_NAME-97,MIDDLE_NAME-97,NICK_NAME-97,PROFILE-97,PICTURE-97,WEBSITE-97,EMAIL-97,EMAIL_VERIFIED-97,GENDER-97,DATE_OF_BIRTH-97,ZONEINFO-97,LOCALE-97,PHONE_NUMBER-97,STREET_ADDRESS-97,CITY-97,REGION-97,COUNTRY-97,POSTAL_CODE-97,MARITAL_STATUS-97
ID-98,NAME-98,FIRST_NAME-98,LAST_NAME-98,MIDDLE_NAME-98,NICK_NAME-98,PROFILE-98,PICTURE-98,WEBSITE-98,EMAIL-98,EMAIL_VERIFIED-98,GENDER-98,DATE_OF_BIRTH-98,ZONEINFO-98,LOCALE-98,PHONE_NUMBER-98,STREET_ADDRESS-98,CITY-98,REGION-98,COUNTRY-98,POSTAL_CODE-98,MARITAL_STATUS-98
ID-99,NAME-99,FIRST_NAME-99,LAST_NAME-99,MIDDLE_NAME-99,NICK_NAME-99,PROFILE-99,PICTURE-99,WEBSITE-99,EMAIL-99,EMAIL_VERIFIED-99,GENDER-99,DATE_OF_BIRTH-99,ZONEINFO-99,LOCALE-99,PHONE_NUMBER-99,STREET_ADDRESS-99,CITY-99,REGION-99,COUNTRY-99,POSTAL_CODE-99,MARITAL_STATUS-99
